{
    "rmse": 0.8094110720050717,
    "mae": 0.6551462834843993,
    "r2": 0.013014969842178314
}